panel,tier,method,epsilon,buckets,cases,runs,total_test_rows,total_fault_rows,pooled_prevalence,mean_precision_at_top_1pct,precision_at_top_1pct_ci95_low,precision_at_top_1pct_ci95_high,lift_top_1pct_vs_prevalence,mean_precision_at_top_5pct,precision_at_top_5pct_ci95_low,precision_at_top_5pct_ci95_high,lift_top_5pct_vs_prevalence,mean_recall_at_5pct_fpr
coops_verified_flat_full_protocol,all_ge_5,privsaf_range_hmm_r1_fixed_prior,2.0,24,40,80,291283,4556,0.015641146239224395,0.02457681028576551,0.0052541347317466725,0.05525198972960167,1.571292148917611,0.017172936309303104,0.003140358224305666,0.03997835999434998,1.097933364131417,0.08840234110274242
coops_verified_flat_full_protocol,all_ge_5,privsaf_range_hmm_r2_fixed_prior,2.0,24,40,80,291283,4556,0.015641146239224395,0.023215354213488543,0.002788770913770914,0.052705644076912736,1.4842489072360807,0.01859431831223405,0.002311596218020022,0.04363127240143369,1.1888079062648094,0.07108458483311172
coops_verified_flat_full_protocol,all_ge_5,privsaf_hmm_fixed_prior,2.0,24,40,80,291283,4556,0.015641146239224395,0.02274389394725216,0.003085221415445296,0.05133154009553263,1.4541065980328032,0.018376334706110845,0.00389644799336123,0.040856129275032224,1.1748713569359275,0.10654002010903832
coops_verified_flat_full_protocol,all_ge_5,channel_window_glr_5,2.0,24,40,80,291283,4556,0.015641146239224395,0.02071948214205677,0.0017277992277992277,0.052341473936623195,1.3246779887587188,0.016680717221074563,0.0016721070148489503,0.042316992425446266,1.0664638617880295,0.054979378208347286
coops_verified_flat_full_protocol,all_ge_5,report_frequency,2.0,24,40,80,291283,4556,0.015641146239224395,0.005863045214724319,0.0005437100213219615,0.013094647819461253,0.3748475415453345,0.015556001791011177,0.0019620117756501934,0.03779599135723997,0.9945563805292162,0.06003576738717616
coops_verified_flat_full_protocol,all_ge_5,channel_point_glr,2.0,24,40,80,291283,4556,0.015641146239224395,0.004333122434801539,0.0006853281853281853,0.009891537326238818,0.2770335606181512,0.015334135867454139,0.0010919498847926268,0.039758099001094685,0.9803716193765681,0.04189787081164651
coops_verified_flat_full_protocol,all_ge_5,channel_window_glr_5,4.0,24,40,80,291283,4556,0.015641146239224395,0.0161982178073596,0.0006980161131280535,0.03878832190399355,1.0356157764664458,0.01621135476808447,0.0007629260686477038,0.04240799135282589,1.0364556740368631,0.03438529313887033
coops_verified_flat_full_protocol,all_ge_5,privsaf_hmm_fixed_prior,4.0,24,40,80,291283,4556,0.015641146239224395,0.01526443554428629,0.0018581081081081082,0.03503176684146833,0.9759154035659227,0.017408590011829723,0.0022966600896940164,0.04103345924483995,1.1129996322247142,0.0847365681426612
coops_verified_flat_full_protocol,all_ge_5,privsaf_range_hmm_r2_fixed_prior,4.0,24,40,80,291283,4556,0.015641146239224395,0.015230085495943704,0.0001736111111111111,0.03754538120209762,0.9737192698672016,0.015343839936790438,0.0016297043010752687,0.03696456159401098,0.9809920386980091,0.059837399966552
coops_verified_flat_full_protocol,all_ge_5,privsaf_range_hmm_r1_fixed_prior,4.0,24,40,80,291283,4556,0.015641146239224395,0.014093034265608892,0.0010182057057057058,0.034595603065752316,0.9010231123769437,0.015706257614280416,0.0016114355456680264,0.03839344200787471,1.0041628263082623,0.058792953035196625
coops_verified_flat_full_protocol,all_ge_5,channel_point_glr,4.0,24,40,80,291283,4556,0.015641146239224395,0.002115268253327955,0.0005067567567567568,0.004399455425574829,0.13523741936657743,0.017154206834754666,0.0014875324434556916,0.04391023646203012,1.0967359151553653,0.04990752394618508
coops_verified_flat_full_protocol,all_ge_5,report_frequency,4.0,24,40,80,291283,4556,0.015641146239224395,0.001777430415490117,0.00033783783783783786,0.0038120209762000806,0.11363811758454956,0.018029225594575985,0.0015024961597542243,0.043670941147129966,1.1526793061599818,0.05436869331224575
coops_verified_flat_full_protocol,support_5_to_24,privsaf_range_hmm_r1_fixed_prior,2.0,24,33,66,241363,309,0.0012802293640698864,0.003357903357903358,0.0006142506142506142,0.0070024570024570035,2.622892000561904,0.002334554427157319,0.0011996889013018046,0.0036192477238083465,1.8235438841487768,0.08265881754024047
coops_verified_flat_full_protocol,support_5_to_24,privsaf_range_hmm_r2_fixed_prior,2.0,24,33,66,241363,309,0.0012802293640698864,0.001643689143689144,0.00041518791518791516,0.0030826280826280823,1.2839020802208507,0.0019086396033003376,0.0008580427935266646,0.0031488410242581544,1.4908575423021988,0.06383993330633647
coops_verified_flat_full_protocol,support_5_to_24,privsaf_hmm_fixed_prior,2.0,24,33,66,241363,309,0.0012802293640698864,0.0014506389506389506,0.0004095004095004095,0.002678815178815179,1.1331086376798352,0.002709259286011233,0.001508363201911589,0.004232978120631069,2.1162296085745282,0.10009677410863183
coops_verified_flat_full_protocol,support_5_to_24,channel_window_glr_5,2.0,24,33,66,241363,309,0.0012802293640698864,0.0014332514332514334,0.00020475020475020476,0.0030712530712530715,1.1195270734105687,0.0014379520080298723,0.0009476485282936895,0.002012430571941139,1.1231987395278773,0.05560339601841578
coops_verified_flat_full_protocol,support_5_to_24,channel_point_glr,2.0,24,33,66,241363,309,0.0012802293640698864,0.0006356424266872029,0.0,0.0013140684782475829,0.4965066764805934,0.0010880211485050195,0.000637422613229065,0.0016029631957051311,0.8498642345197962,0.04359126271181608
coops_verified_flat_full_protocol,support_5_to_24,report_frequency,2.0,24,33,66,241363,309,0.0012802293640698864,0.00043089222193699807,0.0,0.0010879264610607895,0.3365742374219407,0.0014636330664556472,0.0009998215643376935,0.0019106434933047836,1.1432584719059367,0.060023609825981365
coops_verified_flat_full_protocol,support_5_to_24,privsaf_hmm_fixed_prior,4.0,24,33,66,241363,309,0.0012802293640698864,0.0018427518427518428,0.0006142506142506142,0.003276003276003276,1.439391951527874,0.002098264278464501,0.0014464925755248335,0.002789314566288982,1.6389752784563991,0.08197721799500456
coops_verified_flat_full_protocol,support_5_to_24,channel_point_glr,4.0,24,33,66,241363,309,0.0012802293640698864,0.0014332514332514334,0.0004095004095004095,0.002866502866502867,1.1195270734105687,0.0013115957498604884,0.0006191877993880219,0.002039302929180571,1.0245005986199907,0.049380284113485697
coops_verified_flat_full_protocol,support_5_to_24,channel_window_glr_5,4.0,24,33,66,241363,309,0.0012802293640698864,0.0012341887341887343,0.00020475020475020476,0.002673127673127673,0.9640372021035453,0.0008186705767350928,0.0003706419028999674,0.0013495166720973173,0.6394718006877418,0.03371454522640294
coops_verified_flat_full_protocol,support_5_to_24,privsaf_range_hmm_r1_fixed_prior,4.0,24,33,66,241363,309,0.0012802293640698864,0.0012341887341887343,0.00020475020475020476,0.0022636272636272635,0.9640372021035453,0.0014744216357119584,0.0008200282393830781,0.0021668295861844247,1.1516855315868784,0.05648815940317917
coops_verified_flat_full_protocol,support_5_to_24,report_frequency,4.0,24,33,66,241363,309,0.0012802293640698864,0.0010237510237510238,0.0004095004095004095,0.0018427518427518428,0.7996621952932633,0.0012695082077729463,0.0007344954925600088,0.0018803627674595417,0.9916255972579342,0.04793412194597965
coops_verified_flat_full_protocol,support_5_to_24,privsaf_range_hmm_r2_fixed_prior,4.0,24,33,66,241363,309,0.0012802293640698864,0.00041518791518791516,0.0,0.001035126035126035,0.32430744586893456,0.0014350494189203868,0.000860758118822635,0.002131530357336809,1.120931498054632,0.05930517294153658
coops_verified_flat_full_protocol,support_ge_25,privsaf_range_hmm_r2_fixed_prior,2.0,24,7,14,49920,4247,0.0850761217948718,0.12491034668539999,0.02382790954219526,0.27515855407646456,1.468218626450475,0.09725537508292156,0.011953237913630413,0.22416154633896568,1.1431571283587108,0.10523794203076649
coops_verified_flat_full_protocol,support_ge_25,privsaf_range_hmm_r1_fixed_prior,2.0,24,7,14,49920,4247,0.0850761217948718,0.12460880008854423,0.0331116526212475,0.26858184715327577,1.4646741936473104,0.08712530803941895,0.01607691463682247,0.20413740765123253,1.0240865027849761,0.11547895218310877
coops_verified_flat_full_protocol,support_ge_25,privsaf_hmm_fixed_prior,2.0,24,7,14,49920,4247,0.0850761217948718,0.1231263817884287,0.02818368170180537,0.26647129538920583,1.4472495829711234,0.0922354045437233,0.020745114879470512,0.20018699916006447,1.0841514939540067,0.13691532268238324
coops_verified_flat_full_protocol,support_ge_25,channel_window_glr_5,2.0,24,7,14,49920,4247,0.0850761217948718,0.11164028405499622,0.0070578231292517,0.26894937886409104,1.312239929367886,0.08853946751114239,0.005790542023260917,0.21497407361164708,1.0407087869451914,0.05203757996088151
coops_verified_flat_full_protocol,support_ge_25,report_frequency,2.0,24,7,14,49920,4247,0.0850761217948718,0.03147176646643598,0.002976190476190476,0.07039128680919726,0.36992478973498566,0.0819914543496301,0.008286165782590381,0.19056305317826056,0.9637422653952282,0.060093081604237326
coops_verified_flat_full_protocol,support_ge_25,channel_point_glr,2.0,24,7,14,49920,4247,0.0850761217948718,0.02176409961591198,0.002012471655328798,0.05059443772130339,0.25581913181688865,0.0824943909710714,0.0025683298903543617,0.2028376673249945,0.9696538726809241,0.033914737567989996
coops_verified_flat_full_protocol,support_ge_25,channel_window_glr_5,4.0,24,7,14,49920,4247,0.0850761217948718,0.0867429262951651,0.0,0.20188151904569815,1.0195919191557903,0.08877686595587438,0.001423097974822113,0.21751472094214028,1.0434992108587824,0.03754739044050233
coops_verified_flat_full_protocol,support_ge_25,privsaf_range_hmm_r2_fixed_prior,4.0,24,7,14,49920,4247,0.0850761217948718,0.0850717455195067,0.002895752895752896,0.19923068057396415,0.999948560474164,0.08091385237817782,0.007261595776612462,0.18967888230561042,0.9510759384786053,0.06234647022733896
coops_verified_flat_full_protocol,support_ge_25,privsaf_hmm_fixed_prior,4.0,24,7,14,49920,4247,0.0850761217948718,0.07853808728009155,0.00885273028130171,0.175862963176396,0.9231507692541018,0.08958583989769434,0.011970358221152754,0.21321456001755543,1.0530080357176599,0.09774493312447108
coops_verified_flat_full_protocol,support_ge_25,privsaf_range_hmm_r1_fixed_prior,4.0,24,7,14,49920,4247,0.0850761217948718,0.07471330605658964,0.0019305019305019305,0.17316890451218808,0.8781936045078773,0.08279919865610315,0.007700449479012962,0.19917709019091506,0.9732366368996159,0.0696584087289932
coops_verified_flat_full_protocol,support_ge_25,report_frequency,4.0,24,7,14,49920,4247,0.0850761217948718,0.005330490405117271,0.0,0.01599147121535181,0.06265554062242858,0.09703932184664744,0.009721213290655529,0.2350491002852754,1.1406175998551071,0.08470310118178591
coops_verified_flat_full_protocol,support_ge_25,channel_point_glr,4.0,24,7,14,49920,4247,0.0850761217948718,0.005330490405117271,0.0,0.01599147121535181,0.06265554062242858,0.09184080194925578,0.004070660522273425,0.22326091727013386,1.0795132642587353,0.05239308315748218
